{"stats":{"minecraft:custom":{"minecraft:time_since_rest":8058,"minecraft:crouch_one_cm":2534,"minecraft:play_time":8058,"minecraft:sprint_one_cm":7709,"minecraft:damage_taken":337,"minecraft:walk_one_cm":5683,"minecraft:sneak_time":1248,"minecraft:mob_kills":5,"minecraft:jump":257,"minecraft:damage_dealt":332,"minecraft:leave_game":1,"minecraft:time_since_death":8058,"minecraft:total_world_time":8058,"minecraft:fall_one_cm":4280,"minecraft:fly_one_cm":22999},"minecraft:picked_up":{"minecraft:totem_of_undying":1,"minecraft:sugar_cane":5},"minecraft:killed":{"minecraft:spider":1,"minecraft:husk":2},"minecraft:used":{"minecraft:creeper_spawn_egg":4,"minecraft:diamond_sword":5,"minecraft:bow":11,"minecraft:skeleton_spawn_egg":2,"minecraft:birch_planks":84,"minecraft:zombie_spawn_egg":4,"minecraft:totem_of_undying":1},"minecraft:mined":{"minecraft:sugar_cane":3}},"DataVersion":3465}