{"stats":{"minecraft:picked_up":{"minecraft:dirt":1},"minecraft:mined":{"minecraft:dirt":1},"minecraft:custom":{"minecraft:jump":6,"minecraft:open_chest":1,"minecraft:time_since_rest":1302,"minecraft:sprint_one_cm":2442,"minecraft:play_time":1302,"minecraft:time_since_death":1302,"minecraft:walk_one_cm":2212,"minecraft:climb_one_cm":203,"minecraft:total_world_time":1302,"minecraft:fall_one_cm":267,"minecraft:drop":1,"minecraft:fly_one_cm":1231},"minecraft:dropped":{"minecraft:dirt":1}},"DataVersion":3465}