{"stats":{"minecraft:dropped":{"minecraft:string":2},"minecraft:picked_up":{"minecraft:arrow":2,"minecraft:iron_shovel":1,"endrem:black_eye":3,"minecraft:bone":4,"minecraft:rotten_flesh":2,"minecraft:bow":1,"minecraft:string":6},"minecraft:used":{"minecraft:netherite_sword":16,"minecraft:oak_leaves":1,"majruszsdifficulty:undead_army_treasure_bag":1,"endrem:black_eye":5,"mdf:skeleton_fruit":1,"minecraft:grass_block":1,"mdf:blessed_squid_fruit":1,"easy_villagers:iron_farm":1,"minecraft:zombie_spawn_egg":44,"mdf:blessed_skeleton_fruit":1},"minecraft:killed":{"minecraft:skeleton":3,"minecraft:spider":5,"minecraft:zombie":2},"minecraft:custom":{"minecraft:time_since_rest":14278,"minecraft:crouch_one_cm":1135,"minecraft:sprint_one_cm":10282,"minecraft:play_time":17126,"minecraft:deaths":1,"tombstone:undead_killed":3,"minecraft:walk_one_cm":13931,"minecraft:sneak_time":614,"minecraft:mob_kills":7,"minecraft:drop":2,"minecraft:jump":52,"minecraft:damage_dealt":1109,"minecraft:leave_game":2,"minecraft:time_since_death":14851,"minecraft:total_world_time":17126,"minecraft:fly_one_cm":27418},"minecraft:mined":{"minecraft:birch_leaves":5}},"DataVersion":3465}