{"stats":{"minecraft:used":{"minecraft:oak_leaves":1,"minecraft:zombie_spawn_egg":44,"endrem:black_eye":5},"minecraft:picked_up":{"endrem:black_eye":3},"minecraft:mined":{"minecraft:birch_leaves":5},"minecraft:custom":{"minecraft:jump":9,"minecraft:time_since_rest":883,"minecraft:crouch_one_cm":751,"minecraft:sprint_one_cm":192,"minecraft:play_time":3731,"minecraft:deaths":1,"minecraft:time_since_death":1456,"minecraft:walk_one_cm":1251,"minecraft:sneak_time":474,"minecraft:total_world_time":3731,"minecraft:fly_one_cm":15876}},"DataVersion":3465}