{"stats":{"minecraft:dropped":{"minecraft:wheat_seeds":1,"minecraft:gunpowder":2,"minecraft:string":2},"minecraft:picked_up":{"minecraft:wheat_seeds":1,"minecraft:gunpowder":2,"minecraft:string":2},"minecraft:killed":{"minecraft:sheep":6,"minecraft:spider":2,"minecraft:creeper":4},"minecraft:custom":{"minecraft:time_since_rest":11549,"minecraft:crouch_one_cm":266,"minecraft:sprint_one_cm":2606,"minecraft:play_time":11549,"minecraft:walk_one_cm":8220,"minecraft:sneak_time":239,"minecraft:mob_kills":6,"minecraft:drop":4,"minecraft:jump":58,"minecraft:damage_dealt":778,"minecraft:leave_game":2,"minecraft:time_since_death":11549,"minecraft:total_world_time":11549,"minecraft:fly_one_cm":63188},"minecraft:used":{"cataclysm:infernal_forge":1,"knightquest:crimson_sword":3,"slashblade:slashblade":9,"mahoutsukai:caliburn":19,"mahoutsukai:morgan":13}},"DataVersion":3465}