{"stats":{"minecraft:mined":{"minecraft:grass":5,"biomesoplenty:high_grass":2,"biomesoplenty:high_grass_plant":3},"minecraft:picked_up":{"minecraft:cooked_salmon":1,"minecraft:item_frame":1,"minecraft:spruce_planks":1,"minecraft:stripped_spruce_log":3},"minecraft:used":{"minecraft:item_frame":1,"minecraft:spruce_planks":1,"minecraft:stone_brick_wall":1,"minecraft:stripped_spruce_log":3,"minecraft:cooked_salmon":1},"minecraft:killed_by":{"minecraft:zombie":1},"minecraft:custom":{"minecraft:time_since_rest":400,"minecraft:deaths":1,"minecraft:crouch_one_cm":20,"minecraft:play_time":15785,"minecraft:sprint_one_cm":5504,"minecraft:walk_one_cm":18284,"minecraft:damage_taken":340,"minecraft:sneak_time":14,"minecraft:jump":35,"minecraft:damage_dealt":110,"minecraft:leave_game":1,"minecraft:time_since_death":857,"minecraft:total_world_time":15785,"minecraft:climb_one_cm":187,"minecraft:interact_with_smoker":1,"minecraft:fall_one_cm":269,"minecraft:fly_one_cm":5274}},"DataVersion":3465}