{"stats":{"minecraft:mined":{"minecraft:grass":4,"minecraft:oak_log":4,"biomesoplenty:toadstool":2,"biomesoplenty:sprout":1,"minecraft:pumpkin":3,"minecraft:oak_leaves":3,"biomesoplenty:fir_log":2,"minecraft:carved_pumpkin":1},"minecraft:picked_up":{"biomesoplenty:toadstool":2,"slashblade:proudsoul_tiny":1,"minecraft:pumpkin":3,"minecraft:spruce_stairs":2,"biomesoplenty:fir_log":2,"minecraft:carved_pumpkin":1,"minecraft:oak_log":4,"minecraft:oak_sapling":1,"minecraft:spruce_slab":1,"minecraft:spruce_trapdoor":1},"minecraft:used":{"minecraft:spruce_stairs":2,"minecraft:spruce_trapdoor":1,"minecraft:pumpkin":3},"minecraft:killed_by":{"minecraft:skeleton":1},"minecraft:dropped":{"biomesoplenty:toadstool":2,"slashblade:proudsoul_tiny":1},"minecraft:custom":{"minecraft:time_since_rest":7813,"minecraft:crouch_one_cm":15,"minecraft:play_time":17205,"minecraft:sprint_one_cm":17615,"minecraft:walk_one_cm":24254,"minecraft:damage_taken":570,"minecraft:deaths":1,"minecraft:sneak_time":16,"minecraft:drop":3,"minecraft:jump":133,"minecraft:damage_dealt":10,"minecraft:time_since_death":8183,"minecraft:walk_on_water_one_cm":1185,"minecraft:total_world_time":17205,"minecraft:fall_one_cm":3228,"minecraft:fly_one_cm":23191},"minecraft:crafted":{"biomesoplenty:fir_planks":8}},"DataVersion":3465}