{
  "minecraft:recipes/decorations/crafting_table": {
    "criteria": {
      "unlock_right_away": "2024-07-13 02:38:38 +0000"
    },
    "done": true
  },
  "minecraft:adventure/adventuring_time": {
    "criteria": {
      "minecraft:forest": "2024-07-13 02:38:40 +0000"
    },
    "done": false
  },
  "tombstone:adventure/root": {
    "criteria": {
      "auto": "2024-07-13 02:38:40 +0000"
    },
    "done": true
  },
  "create:root": {
    "criteria": {
      "0": "2024-07-13 02:39:51 +0000"
    },
    "done": true
  },
  "tombstone:adventure/first_grave": {
    "criteria": {
      "coded_trigger": "2024-07-13 02:40:30 +0000"
    },
    "done": true
  },
  "tombstone:recipes/from_grave_key": {
    "criteria": {
      "has_ingredient": "2024-07-13 02:40:32 +0000"
    },
    "done": true
  },
  "endrem:main/black_eye": {
    "criteria": {
      "black_eye": "2024-07-13 02:41:13 +0000"
    },
    "done": true
  },
  "endrem:main/root": {
    "criteria": {
      "black_eye": "2024-07-13 02:41:13 +0000"
    },
    "done": true
  },
  "weaponmaster:parts/root": {
    "criteria": {
      "crafting_table": "2024-07-13 02:56:46 +0000"
    },
    "done": true
  },
  "minecraft:adventure/kill_all_mobs": {
    "criteria": {
      "minecraft:skeleton": "2024-07-13 02:58:02 +0000",
      "minecraft:spider": "2024-07-13 02:58:04 +0000",
      "minecraft:zombie": "2024-07-14 00:31:32 +0000"
    },
    "done": false
  },
  "minecraft:adventure/root": {
    "criteria": {
      "killed_something": "2024-07-13 02:58:02 +0000"
    },
    "done": true
  },
  "minecraft:adventure/kill_a_mob": {
    "criteria": {
      "minecraft:skeleton": "2024-07-13 02:58:02 +0000"
    },
    "done": true
  },
  "minecraft:recipes/misc/bone_meal": {
    "criteria": {
      "has_bone": "2024-07-13 02:58:03 +0000"
    },
    "done": true
  },
  "minecraft:recipes/misc/iron_nugget_from_smelting": {
    "criteria": {
      "has_iron_shovel": "2024-07-13 02:58:05 +0000"
    },
    "done": true
  },
  "minecraft:recipes/combat/bow": {
    "criteria": {
      "has_string": "2024-07-13 02:58:05 +0000"
    },
    "done": true
  },
  "minecraft:recipes/tools/fishing_rod": {
    "criteria": {
      "has_string": "2024-07-13 02:58:05 +0000"
    },
    "done": true
  },
  "minecraft:recipes/redstone/tripwire_hook": {
    "criteria": {
      "has_string": "2024-07-13 02:58:05 +0000"
    },
    "done": true
  },
  "minecraft:recipes/decorations/candle": {
    "criteria": {
      "has_string": "2024-07-13 02:58:05 +0000"
    },
    "done": true
  },
  "minecraft:recipes/building_blocks/white_wool_from_string": {
    "criteria": {
      "has_string": "2024-07-13 02:58:05 +0000"
    },
    "done": true
  },
  "minecraft:recipes/combat/crossbow": {
    "criteria": {
      "has_string": "2024-07-13 02:58:05 +0000"
    },
    "done": true
  },
  "minecraft:recipes/misc/iron_nugget_from_blasting": {
    "criteria": {
      "has_iron_shovel": "2024-07-13 02:58:05 +0000"
    },
    "done": true
  },
  "minecraft:recipes/decorations/loom": {
    "criteria": {
      "has_string": "2024-07-13 02:58:05 +0000"
    },
    "done": true
  },
  "paraglider:paraglider": {
    "criteria": {
      "paraglider": "2024-07-13 03:11:12 +0000"
    },
    "done": true
  },
  "paraglider:recipes/misc/cosmetic/deku_leaf": {
    "criteria": {
      "has_paragliders": "2024-07-13 03:11:12 +0000"
    },
    "done": true
  },
  "paraglider:recipes/misc/cosmetic/paraglider": {
    "criteria": {
      "has_paragliders": "2024-07-13 03:11:12 +0000"
    },
    "done": true
  },
  "majruszsdifficulty:game_stage_normal": {
    "criteria": {
      "is_triggered": "2024-07-13 03:20:31 +0000"
    },
    "done": true
  },
  "majruszsdifficulty:recipes/misc/bandage": {
    "criteria": {
      "has_string": "2024-07-13 03:20:55 +0000"
    },
    "done": true
  },
  "majruszsdifficulty:undead_army_treasure_bag": {
    "criteria": {
      "bag_opened": "2024-07-13 03:21:20 +0000"
    },
    "done": true
  },
  "skilltree:recipes/misc/assassin_necklace": {
    "criteria": {
      "has_bone": "2024-07-13 03:21:20 +0000"
    },
    "done": true
  },
  "majruszsdifficulty:recipes/misc/tattered_armor": {
    "criteria": {
      "has_cloth": "2024-07-13 03:21:20 +0000"
    },
    "done": true
  },
  "majruszsdifficulty:recipes/misc/string_from_cloth": {
    "criteria": {
      "has_cloth": "2024-07-13 03:21:20 +0000"
    },
    "done": true
  },
  "skilltree:recipes/combat/bone_quiver": {
    "criteria": {
      "has_bone": "2024-07-13 03:21:20 +0000"
    },
    "done": true
  },
  "majruszsdifficulty:recipes/misc/bandage_golden": {
    "criteria": {
      "has_bandage": "2024-07-13 03:21:20 +0000"
    },
    "done": true
  },
  "majruszsdifficulty:recipes/misc/undead_army_battle_standard": {
    "criteria": {
      "has_cloth": "2024-07-13 03:21:20 +0000"
    },
    "done": true
  },
  "minecraft:husbandry/root": {
    "criteria": {
      "consumed_item": "2024-07-14 00:29:21 +0000"
    },
    "done": true
  },
  "artifacts:amateur_archaeologist": {
    "criteria": {
      "find_artifact": "2024-07-14 00:30:13 +0000"
    },
    "done": true
  },
  "minecraft:recipes/redstone/dispenser": {
    "criteria": {
      "has_bow": "2024-07-14 00:32:09 +0000"
    },
    "done": true
  },
  "irons_spellbooks:grant_patchouli": {
    "criteria": {
      "tick": "2024-07-14 00:42:50 +0000"
    },
    "done": true
  },
  "DataVersion": 3465
}