{
  "endrem:main/black_eye": {
    "criteria": {
      "black_eye": "2024-07-13 02:41:13 +0000"
    },
    "done": true
  },
  "tombstone:recipes/from_grave_key": {
    "criteria": {
      "has_ingredient": "2024-07-13 02:40:32 +0000"
    },
    "done": true
  },
  "create:root": {
    "criteria": {
      "0": "2024-07-13 02:39:51 +0000"
    },
    "done": true
  },
  "minecraft:recipes/decorations/crafting_table": {
    "criteria": {
      "unlock_right_away": "2024-07-13 02:38:38 +0000"
    },
    "done": true
  },
  "tombstone:adventure/first_grave": {
    "criteria": {
      "coded_trigger": "2024-07-13 02:40:30 +0000"
    },
    "done": true
  },
  "endrem:main/root": {
    "criteria": {
      "black_eye": "2024-07-13 02:41:13 +0000"
    },
    "done": true
  },
  "minecraft:adventure/adventuring_time": {
    "criteria": {
      "minecraft:forest": "2024-07-13 02:38:40 +0000"
    },
    "done": false
  },
  "tombstone:adventure/root": {
    "criteria": {
      "auto": "2024-07-13 02:38:40 +0000"
    },
    "done": true
  },
  "DataVersion": 3465
}